exp_id,max_frames,weights_fn,tracker_type,max_age,min_hits,iou_threshold,HOTA,DetA,AssA,DetRe,DetPr,AssRe,AssPr,LocA,OWTA,HOTA(0),LocA(0),HOTALocA(0),Dets,GT_Dets,IDs,GT_IDs
sortow10000,10000,best-organizers.pt,bytetrack,1,3,0.3,36.669,92.577,14.542,94.612,95.281,14.921,83.228,93.433,37.092,38.904,93.004,36.182,99298,100000,130,10
sortow10000,10000,best-organizers.pt,bytetrack,1,3,0.3,36.669,92.577,14.542,94.612,95.281,14.921,83.228,93.433,37.092,38.904,93.004,36.182,99298,100000,130,10
sortma1,10000,best-organizers.pt,bytetrack,1,3,0.3,36.669,92.577,14.542,94.612,95.281,14.921,83.228,93.433,37.092,38.904,93.004,36.182,99298,100000,130,10
sortma2,10000,best-organizers.pt,bytetrack,2,3,0.3,40.196,92.498,17.487,94.576,95.226,18.75,74.082,93.415,40.667,42.681,92.953,39.673,99317,100000,104,10
sortma3,10000,best-organizers.pt,bytetrack,3,3,0.3,40.009,92.497,17.325,94.576,95.223,19.038,71.081,93.412,40.479,42.481,92.949,39.486,99321,100000,100,10
sortma4,10000,best-organizers.pt,bytetrack,4,3,0.3,40.07,92.504,17.377,94.581,95.224,19.105,70.213,93.412,40.54,42.544,92.951,39.545,99324,100000,97,10
sortma5,10000,best-organizers.pt,bytetrack,5,3,0.3,39.825,92.503,17.165,94.576,95.228,18.808,70.294,93.414,40.291,42.287,92.954,39.307,99316,100000,97,10
sortmh1,10000,best-organizers.pt,bytetrack,1,1,0.3,36.722,92.871,14.537,94.918,95.285,14.917,83.187,93.437,37.146,38.96,93.009,36.236,99615,100000,134,10
sortmh2,10000,best-organizers.pt,bytetrack,1,2,0.3,36.695,92.724,14.539,94.763,95.285,14.919,83.208,93.436,37.118,38.931,93.008,36.209,99453,100000,130,10
sortmh3,10000,best-organizers.pt,bytetrack,1,3,0.3,36.669,92.577,14.542,94.612,95.281,14.921,83.228,93.433,37.092,38.904,93.004,36.182,99298,100000,130,10
sortmh4,10000,best-organizers.pt,bytetrack,1,4,0.3,36.644,92.433,14.544,94.462,95.278,14.923,83.247,93.431,37.065,38.877,93.002,36.156,99144,100000,130,10
sortmh5,10000,best-organizers.pt,bytetrack,1,5,0.3,36.618,92.288,14.546,94.313,95.275,14.925,83.265,93.43,37.039,38.85,92.999,36.13,98990,100000,130,10
sortit01,10000,best-organizers.pt,bytetrack,1,5,0.1,39.507,92.153,16.952,94.38,95.045,17.797,77.157,93.339,39.998,42.138,92.78,39.096,99301,100000,76,10
sortit02,10000,best-organizers.pt,bytetrack,1,5,0.2,38.4,92.162,16.015,94.359,95.078,16.842,77.43,93.356,38.873,40.914,92.811,37.973,99243,100000,85,10
sortit03,10000,best-organizers.pt,bytetrack,1,5,0.3,36.618,92.288,14.546,94.313,95.275,14.925,83.265,93.43,37.039,38.85,92.999,36.13,98990,100000,130,10
sortit04,10000,best-organizers.pt,bytetrack,1,5,0.4,32.315,92.044,11.362,93.968,95.406,11.592,86.336,93.522,32.675,34.182,93.123,31.831,98492,100000,209,10
sortit05,10000,best-organizers.pt,bytetrack,1,5,0.5,25.711,91.349,7.2492,93.054,95.723,7.3482,89.33,93.747,25.972,27.054,93.423,25.275,97212,100000,396,10
sortma6,10000,best-organizers.pt,bytetrack,6,3,0.3,39.528,92.202,16.965,94.417,95.066,18.65,69.445,93.379,40.022,42.132,92.8,39.098,99317,100000,96,10
sortma7,10000,best-organizers.pt,bytetrack,7,3,0.3,39.37,92.201,16.829,94.416,95.066,18.501,69.486,93.379,39.861,41.966,92.8,38.944,99316,100000,96,10
sortma8,10000,best-organizers.pt,bytetrack,9,3,0.3,39.217,92.186,16.701,94.404,95.062,18.422,68.733,93.377,39.706,41.804,92.796,38.793,99307,100000,96,10
sortma9,10000,best-organizers.pt,bytetrack,9,3,0.3,39.217,92.186,16.701,94.404,95.062,18.422,68.733,93.377,39.706,41.804,92.796,38.793,99307,100000,96,10
sortmh6,10000,best-organizers.pt,bytetrack,1,6,0.3,36.593,92.144,14.549,94.165,95.273,14.928,83.283,93.43,37.013,38.823,92.997,36.104,98837,100000,129,10
sortmh7,10000,best-organizers.pt,bytetrack,1,7,0.3,36.568,92.002,14.551,94.019,95.272,14.93,83.301,93.43,36.988,38.797,92.996,36.079,98685,100000,129,10
sortmh8,10000,best-organizers.pt,bytetrack,1,8,0.3,36.544,91.868,14.553,93.878,95.276,14.931,83.317,93.432,36.962,38.769,92.999,36.055,98533,100000,128,10
sortmh9,10000,best-organizers.pt,bytetrack,1,9,0.3,36.519,91.736,14.555,93.738,95.28,14.932,83.334,93.435,36.937,38.742,93.004,36.031,98382,100000,126,10
sortit001,10000,best-organizers.pt,bytetrack,1,5,0.01,39.333,92.126,16.807,94.381,95.012,17.828,73.072,93.329,39.827,41.973,92.749,38.93,99336,100000,69,10
sortit002,10000,best-organizers.pt,bytetrack,1,5,0.02,39.477,92.118,16.932,94.372,95.013,17.828,75.841,93.331,39.973,42.127,92.751,39.073,99326,100000,71,10
sortit003,10000,best-organizers.pt,bytetrack,1,5,0.03,39.477,92.118,16.932,94.372,95.013,17.828,75.841,93.331,39.973,42.127,92.751,39.073,99326,100000,71,10
sortit004,10000,best-organizers.pt,bytetrack,1,5,0.04,39.479,92.148,16.929,94.384,95.033,17.823,75.895,93.334,39.972,42.114,92.769,39.069,99317,100000,72,10
sortit005,10000,best-organizers.pt,bytetrack,1,5,0.05,39.479,92.148,16.929,94.384,95.033,17.823,75.895,93.334,39.972,42.114,92.769,39.069,99317,100000,72,10
sortma2mh1it001,10000,best-organizers.pt,sort,2,1,0.01,41.536,92.639,18.642,94.838,95.085,22.625,56.065,93.327,42.046,44.234,92.821,41.058,99740,100000,42,10
sortma2mh1it002,10000,best-organizers.pt,sort,2,1,0.02,41.769,92.638,18.852,94.837,95.086,22.626,58.868,93.329,42.282,44.483,92.822,41.29,99738,100000,44,10
sortma2mh1it003,10000,best-organizers.pt,sort,2,1,0.03,41.828,92.598,18.913,94.815,95.065,22.603,59.83,93.324,42.346,44.553,92.802,41.346,99737,100000,45,10
sortma2mh1it004,10000,best-organizers.pt,sort,2,1,0.04,41.66,92.558,18.769,94.793,95.046,22.158,60.393,93.321,42.18,44.378,92.784,41.175,99734,100000,48,10
sortma2mh1it005,10000,best-organizers.pt,sort,2,1,0.05,41.66,92.558,18.769,94.793,95.046,22.158,60.393,93.321,42.18,44.378,92.784,41.175,99734,100000,48,10
sortma2mh1it006,10000,best-organizers.pt,sort,2,1,0.06,41.66,92.558,18.769,94.793,95.046,22.158,60.393,93.321,42.18,44.378,92.784,41.175,99734,100000,48,10
sortma2mh1it007,10000,best-organizers.pt,sort,2,1,0.07,42.063,92.559,19.133,94.794,95.048,22.173,62.519,93.323,42.587,44.821,92.786,41.587,99733,100000,49,10
sortma2mh1it008,10000,best-organizers.pt,sort,2,1,0.08,42.058,92.566,19.127,94.797,95.053,22.167,62.525,93.326,42.581,44.813,92.791,41.583,99731,100000,51,10
sortma2mh1it009,10000,best-organizers.pt,sort,2,1,0.09,42.057,92.568,19.126,94.797,95.053,22.166,62.52,93.325,42.58,44.812,92.791,41.582,99731,100000,51,10
sortma2mh1it010,10000,best-organizers.pt,sort,2,1,0.1,42.042,92.571,19.112,94.798,95.055,22.152,62.523,93.326,42.564,44.795,92.793,41.566,99730,100000,52,10
sortma2mh1it011,10000,best-organizers.pt,sort,2,1,0.11,42.042,92.571,19.112,94.798,95.055,22.152,62.523,93.326,42.564,44.795,92.793,41.566,99730,100000,52,10
sortma2mh1it012,10000,best-organizers.pt,sort,2,1,0.12,41.857,92.612,18.936,94.82,95.078,21.941,62.687,93.333,42.372,44.582,92.814,41.378,99728,100000,53,10
sortma2mh1it013,10000,best-organizers.pt,sort,2,1,0.13,41.861,92.614,18.939,94.82,95.08,21.935,63.057,93.334,42.376,44.584,92.816,41.382,99726,100000,54,10
sortma2mh1it014,10000,best-organizers.pt,sort,2,1,0.14,42.056,92.635,19.111,94.831,95.092,22.131,63.29,93.34,42.57,44.8,92.828,41.587,99725,100000,55,10
sortma2mh1it015,10000,best-organizers.pt,sort,2,1,0.15,42.032,92.636,19.088,94.831,95.092,22.09,63.362,93.34,42.545,44.772,92.828,41.561,99725,100000,56,10
sortma2mh1it016,10000,best-organizers.pt,sort,2,1,0.16,42.032,92.637,19.088,94.831,95.094,22.09,63.365,93.34,42.545,44.772,92.83,41.562,99724,100000,57,10
sortma2mh1it017,10000,best-organizers.pt,sort,2,1,0.17,42.033,92.639,19.089,94.832,95.096,22.09,63.371,93.342,42.546,44.772,92.832,41.563,99722,100000,58,10
sortma2mh1it018,10000,best-organizers.pt,sort,2,1,0.18,42.033,92.639,19.089,94.832,95.096,22.09,63.371,93.342,42.546,44.772,92.832,41.563,99722,100000,58,10
sortma2mh1it019,10000,best-organizers.pt,sort,2,1,0.19,41.357,92.635,18.481,94.827,95.095,21.386,61.969,93.341,41.863,44.043,92.831,40.886,99718,100000,61,10
sortma2it008mh0,10000,best-organizers.pt,sort,2,0,0.08,42.062,92.578,19.128,94.829,95.034,22.168,62.52,93.326,42.589,44.818,92.789,41.586,99784,100000,63,10
sortma2it008mh1,10000,best-organizers.pt,sort,2,1,0.08,42.058,92.566,19.127,94.797,95.053,22.167,62.525,93.326,42.581,44.813,92.791,41.583,99731,100000,51,10
sortma2it008mh2,10000,best-organizers.pt,sort,2,2,0.08,42.027,92.477,19.117,94.7,95.058,22.153,62.53,93.327,42.548,44.777,92.795,41.551,99623,100000,49,10
sortma2it008mh3,10000,best-organizers.pt,sort,2,3,0.08,41.998,92.387,19.11,94.604,95.059,22.141,62.537,93.328,42.518,44.746,92.795,41.523,99521,100000,49,10
sortma2it008mh4,10000,best-organizers.pt,sort,2,4,0.08,41.969,92.298,19.102,94.51,95.062,22.129,62.544,93.329,42.488,44.715,92.797,41.494,99419,100000,49,10
sortma2it008mh5,10000,best-organizers.pt,sort,2,5,0.08,41.941,92.211,19.094,94.416,95.065,22.117,62.551,93.33,42.458,44.683,92.799,41.465,99317,100000,49,10
sortma2it008mh6,10000,best-organizers.pt,sort,2,6,0.08,41.913,92.125,19.086,94.323,95.07,22.105,62.559,93.332,42.428,44.651,92.803,41.437,99215,100000,49,10
sortma2it008mh7,10000,best-organizers.pt,sort,2,7,0.08,41.884,92.035,19.078,94.228,95.071,22.094,62.568,93.333,42.399,44.619,92.804,41.409,99113,100000,49,10
sortma2it008mh8,10000,best-organizers.pt,sort,2,8,0.08,41.856,91.945,19.071,94.133,95.074,22.082,62.577,93.334,42.369,44.587,92.806,41.38,99011,100000,49,10
sortma2it008mh9,10000,best-organizers.pt,sort,2,9,0.08,41.826,91.846,19.065,94.033,95.071,22.072,62.587,93.335,42.34,44.556,92.806,41.351,98909,100000,49,10
sortma2it008mh10,10000,best-organizers.pt,sort,2,10,0.08,41.797,91.756,19.057,93.938,95.072,22.06,62.595,93.336,42.31,44.524,92.807,41.322,98807,100000,49,10
sortma2it008mh11,10000,best-organizers.pt,sort,2,11,0.08,41.768,91.664,19.049,93.843,95.073,22.048,62.602,93.336,42.28,44.493,92.807,41.293,98706,100000,49,10
sortma2it008mh12,10000,best-organizers.pt,sort,2,12,0.08,41.739,91.574,19.041,93.748,95.074,22.036,62.608,93.337,42.25,44.461,92.808,41.264,98605,100000,49,10
sortma2it008mh13,10000,best-organizers.pt,sort,2,13,0.08,41.71,91.487,19.033,93.655,95.076,22.024,62.614,93.337,42.219,44.428,92.81,41.234,98505,100000,49,10
sortma2it008mh14,10000,best-organizers.pt,sort,2,14,0.08,41.68,91.399,19.025,93.562,95.078,22.011,62.619,93.338,42.189,44.396,92.812,41.205,98405,100000,49,10
sortma2it008mh15,10000,best-organizers.pt,sort,2,15,0.08,41.651,91.311,19.017,93.468,95.08,21.999,62.624,93.338,42.159,44.363,92.813,41.175,98305,100000,49,10
sortma2it008mh16,10000,best-organizers.pt,sort,2,16,0.08,41.622,91.218,19.009,93.373,95.079,21.987,62.63,93.339,42.129,44.332,92.813,41.146,98205,100000,49,10
sortma2it008mh17,10000,best-organizers.pt,sort,2,17,0.08,41.592,91.128,19.001,93.279,95.08,21.975,62.637,93.339,42.099,44.3,92.814,41.117,98105,100000,49,10
sortma2it008mh18,10000,best-organizers.pt,sort,2,18,0.08,41.563,91.04,18.993,93.185,95.081,21.963,62.642,93.34,42.069,44.268,92.815,41.087,98006,100000,49,10
sortma2it008mh19,10000,best-organizers.pt,sort,2,19,0.08,41.534,90.951,18.985,93.092,95.082,21.95,62.647,93.34,42.039,44.236,92.815,41.058,97907,100000,49,10
sortma2it008mh20,10000,best-organizers.pt,sort,2,20,0.08,41.505,90.862,18.976,92.999,95.083,21.938,62.652,93.34,42.009,44.204,92.816,41.029,97808,100000,49,10
sortma2it008mh0,10000,best-organizers.pt,sort,2,0,0.08,42.062,92.578,19.128,94.829,95.034,22.168,62.52,93.326,42.589,44.818,92.789,41.586,99784,100000,63,10
sortma2it008mh1,10000,best-organizers.pt,sort,2,1,0.08,42.058,92.566,19.127,94.797,95.053,22.167,62.525,93.326,42.581,44.813,92.791,41.583,99731,100000,51,10
sortma2it008mh2,10000,best-organizers.pt,sort,2,2,0.08,42.027,92.477,19.117,94.7,95.058,22.153,62.53,93.327,42.548,44.777,92.795,41.551,99623,100000,49,10
sortma2it008mh3,10000,best-organizers.pt,sort,2,3,0.08,41.998,92.387,19.11,94.604,95.059,22.141,62.537,93.328,42.518,44.746,92.795,41.523,99521,100000,49,10
sortma2it008mh4,10000,best-organizers.pt,sort,2,4,0.08,41.969,92.298,19.102,94.51,95.062,22.129,62.544,93.329,42.488,44.715,92.797,41.494,99419,100000,49,10
sortma2it008mh5,10000,best-organizers.pt,sort,2,5,0.08,41.941,92.211,19.094,94.416,95.065,22.117,62.551,93.33,42.458,44.683,92.799,41.465,99317,100000,49,10
sortma2it008mh6,10000,best-organizers.pt,sort,2,6,0.08,41.913,92.125,19.086,94.323,95.07,22.105,62.559,93.332,42.428,44.651,92.803,41.437,99215,100000,49,10
sortma2it008mh7,10000,best-organizers.pt,sort,2,7,0.08,41.884,92.035,19.078,94.228,95.071,22.094,62.568,93.333,42.399,44.619,92.804,41.409,99113,100000,49,10
sortma2it008mh8,10000,best-organizers.pt,sort,2,8,0.08,41.856,91.945,19.071,94.133,95.074,22.082,62.577,93.334,42.369,44.587,92.806,41.38,99011,100000,49,10
sortma2it008mh9,10000,best-organizers.pt,sort,2,9,0.08,41.826,91.846,19.065,94.033,95.071,22.072,62.587,93.335,42.34,44.556,92.806,41.351,98909,100000,49,10
sortma2it008mh10,10000,best-organizers.pt,sort,2,10,0.08,41.797,91.756,19.057,93.938,95.072,22.06,62.595,93.336,42.31,44.524,92.807,41.322,98807,100000,49,10
sortma2it008mh11,10000,best-organizers.pt,sort,2,11,0.08,41.768,91.664,19.049,93.843,95.073,22.048,62.602,93.336,42.28,44.493,92.807,41.293,98706,100000,49,10
sortma2it008mh12,10000,best-organizers.pt,sort,2,12,0.08,41.739,91.574,19.041,93.748,95.074,22.036,62.608,93.337,42.25,44.461,92.808,41.264,98605,100000,49,10
sortma2it008mh13,10000,best-organizers.pt,sort,2,13,0.08,41.71,91.487,19.033,93.655,95.076,22.024,62.614,93.337,42.219,44.428,92.81,41.234,98505,100000,49,10
sortma2it008mh14,10000,best-organizers.pt,sort,2,14,0.08,41.68,91.399,19.025,93.562,95.078,22.011,62.619,93.338,42.189,44.396,92.812,41.205,98405,100000,49,10
sortma2it008mh15,10000,best-organizers.pt,sort,2,15,0.08,41.651,91.311,19.017,93.468,95.08,21.999,62.624,93.338,42.159,44.363,92.813,41.175,98305,100000,49,10
sortma2it008mh16,10000,best-organizers.pt,sort,2,16,0.08,41.622,91.218,19.009,93.373,95.079,21.987,62.63,93.339,42.129,44.332,92.813,41.146,98205,100000,49,10
sortma2it008mh17,10000,best-organizers.pt,sort,2,17,0.08,41.592,91.128,19.001,93.279,95.08,21.975,62.637,93.339,42.099,44.3,92.814,41.117,98105,100000,49,10
sortit007mh0ma0,10000,best-organizers.pt,sort,0,0,0.07,37.738,92.798,15.361,94.955,95.161,15.885,80.632,93.374,38.191,40.156,92.905,37.307,99784,100000,115,10
sortit007mh0ma1,10000,best-organizers.pt,sort,1,0,0.07,39.625,92.542,16.981,94.815,95.02,17.831,77.046,93.339,40.125,42.269,92.774,39.214,99784,100000,88,10
sortit007mh0ma2,10000,best-organizers.pt,sort,2,0,0.07,42.067,92.569,19.134,94.823,95.029,22.174,62.513,93.323,42.595,44.825,92.785,41.591,99784,100000,61,10
sortit007mh0ma3,10000,best-organizers.pt,sort,3,0,0.07,41.84,92.56,18.931,94.817,95.022,22.466,59.176,93.319,42.367,44.582,92.778,41.362,99784,100000,56,10
sortit007mh0ma4,10000,best-organizers.pt,sort,4,0,0.07,41.691,92.565,18.795,94.818,95.023,22.601,55.996,93.316,42.215,44.422,92.779,41.214,99784,100000,51,10
sortit007mh0ma5,10000,best-organizers.pt,sort,5,0,0.07,41.194,92.567,18.349,94.819,95.024,22.865,53.413,93.316,41.711,43.899,92.779,40.729,99784,100000,48,10
sortit007mh0ma6,10000,best-organizers.pt,sort,6,0,0.07,40.98,92.375,18.197,94.715,94.92,22.678,52.81,93.286,41.515,43.758,92.689,40.559,99784,100000,47,10
sortit007mh0ma7,10000,best-organizers.pt,sort,7,0,0.07,40.942,92.356,18.166,94.705,94.91,22.7,51.552,93.281,41.477,43.72,92.68,40.52,99784,100000,45,10
sortit007mh0ma8,10000,best-organizers.pt,sort,8,0,0.07,40.942,92.356,18.166,94.705,94.91,22.7,51.552,93.281,41.477,43.72,92.68,40.52,99784,100000,45,10
sortit007mh0ma9,10000,best-organizers.pt,sort,9,0,0.07,40.942,92.356,18.166,94.705,94.91,22.7,51.552,93.281,41.477,43.72,92.68,40.52,99784,100000,45,10
sortit007mh0ma10,10000,best-organizers.pt,sort,10,0,0.07,40.019,92.359,17.357,94.706,94.911,22.059,49.717,93.281,40.544,42.733,92.681,39.606,99784,100000,44,10
sortit007mh0ma11,10000,best-organizers.pt,sort,11,0,0.07,40.019,92.359,17.357,94.706,94.911,22.059,49.717,93.281,40.544,42.733,92.681,39.606,99784,100000,44,10
sortit007mh0ma12,10000,best-organizers.pt,sort,12,0,0.07,40.019,92.359,17.357,94.706,94.911,22.059,49.717,93.281,40.544,42.733,92.681,39.606,99784,100000,44,10
sortit007mh0ma13,10000,best-organizers.pt,sort,13,0,0.07,39.858,92.35,17.219,94.701,94.906,21.837,50.442,93.28,40.381,42.567,92.677,39.449,99784,100000,44,10
sortit007mh0ma14,10000,best-organizers.pt,sort,14,0,0.07,39.594,92.313,16.999,94.68,94.885,21.843,49,93.27,40.117,42.296,92.657,39.19,99784,100000,43,10
sortit007mh0ma15,10000,best-organizers.pt,sort,15,0,0.07,39.594,92.313,16.999,94.68,94.885,21.843,49,93.27,40.117,42.296,92.657,39.19,99784,100000,43,10
sortit007mh0ma16,10000,best-organizers.pt,sort,16,0,0.07,39.594,92.313,16.999,94.68,94.885,21.843,49,93.27,40.117,42.296,92.657,39.19,99784,100000,43,10
sortit007mh0ma17,10000,best-organizers.pt,sort,17,0,0.07,39.594,92.313,16.999,94.68,94.885,21.843,49,93.27,40.117,42.296,92.657,39.19,99784,100000,43,10
sortit007mh0ma18,10000,best-organizers.pt,sort,18,0,0.07,39.594,92.313,16.999,94.68,94.885,21.843,49,93.27,40.117,42.296,92.657,39.19,99784,100000,43,10
sortit007mh0ma19,10000,best-organizers.pt,sort,19,0,0.07,39.594,92.313,16.999,94.68,94.885,21.843,49,93.27,40.117,42.296,92.657,39.19,99784,100000,43,10
sortit007mh0ma20,10000,best-organizers.pt,sort,20,0,0.07,39.594,92.313,16.999,94.68,94.885,21.843,49,93.27,40.117,42.296,92.657,39.19,99784,100000,43,10
sortit007mh0ma0,10000,best-organizers.pt,sort,0,0,0.07,37.738,92.798,15.361,94.955,95.161,15.885,80.632,93.374,38.191,40.156,92.905,37.307,99784,100000,115,10
sortit007mh0ma1,10000,best-organizers.pt,sort,1,0,0.07,39.625,92.542,16.981,94.815,95.02,17.831,77.046,93.339,40.125,42.269,92.774,39.214,99784,100000,88,10
sortit007mh0ma2,10000,best-organizers.pt,sort,2,0,0.07,42.067,92.569,19.134,94.823,95.029,22.174,62.513,93.323,42.595,44.825,92.785,41.591,99784,100000,61,10
sortit007mh0ma3,10000,best-organizers.pt,sort,3,0,0.07,41.84,92.56,18.931,94.817,95.022,22.466,59.176,93.319,42.367,44.582,92.778,41.362,99784,100000,56,10
sortit007mh0ma4,10000,best-organizers.pt,sort,4,0,0.07,41.691,92.565,18.795,94.818,95.023,22.601,55.996,93.316,42.215,44.422,92.779,41.214,99784,100000,51,10
sortit007mh0ma5,10000,best-organizers.pt,sort,5,0,0.07,41.194,92.567,18.349,94.819,95.024,22.865,53.413,93.316,41.711,43.899,92.779,40.729,99784,100000,48,10
sortit007mh0ma6,10000,best-organizers.pt,sort,6,0,0.07,40.98,92.375,18.197,94.715,94.92,22.678,52.81,93.286,41.515,43.758,92.689,40.559,99784,100000,47,10
sortit007mh0ma7,10000,best-organizers.pt,sort,7,0,0.07,40.942,92.356,18.166,94.705,94.91,22.7,51.552,93.281,41.477,43.72,92.68,40.52,99784,100000,45,10
sortit007mh0ma8,10000,best-organizers.pt,sort,8,0,0.07,40.942,92.356,18.166,94.705,94.91,22.7,51.552,93.281,41.477,43.72,92.68,40.52,99784,100000,45,10
sortit007mh0ma9,10000,best-organizers.pt,sort,9,0,0.07,40.942,92.356,18.166,94.705,94.91,22.7,51.552,93.281,41.477,43.72,92.68,40.52,99784,100000,45,10
sortit007mh0ma10,10000,best-organizers.pt,sort,10,0,0.07,40.019,92.359,17.357,94.706,94.911,22.059,49.717,93.281,40.544,42.733,92.681,39.606,99784,100000,44,10
sortit007mh0ma11,10000,best-organizers.pt,sort,11,0,0.07,40.019,92.359,17.357,94.706,94.911,22.059,49.717,93.281,40.544,42.733,92.681,39.606,99784,100000,44,10
sortit007mh0ma12,10000,best-organizers.pt,sort,12,0,0.07,40.019,92.359,17.357,94.706,94.911,22.059,49.717,93.281,40.544,42.733,92.681,39.606,99784,100000,44,10
sortit007mh0ma13,10000,best-organizers.pt,sort,13,0,0.07,39.858,92.35,17.219,94.701,94.906,21.837,50.442,93.28,40.381,42.567,92.677,39.449,99784,100000,44,10
sortit007mh0ma14,10000,best-organizers.pt,sort,14,0,0.07,39.594,92.313,16.999,94.68,94.885,21.843,49,93.27,40.117,42.296,92.657,39.19,99784,100000,43,10
sortit007mh0ma15,10000,best-organizers.pt,sort,15,0,0.07,39.594,92.313,16.999,94.68,94.885,21.843,49,93.27,40.117,42.296,92.657,39.19,99784,100000,43,10
sortit007mh0ma16,10000,best-organizers.pt,sort,16,0,0.07,39.594,92.313,16.999,94.68,94.885,21.843,49,93.27,40.117,42.296,92.657,39.19,99784,100000,43,10
sortit007mh0ma17,10000,best-organizers.pt,sort,17,0,0.07,39.594,92.313,16.999,94.68,94.885,21.843,49,93.27,40.117,42.296,92.657,39.19,99784,100000,43,10
sortit007mh0ma18,10000,best-organizers.pt,sort,18,0,0.07,39.594,92.313,16.999,94.68,94.885,21.843,49,93.27,40.117,42.296,92.657,39.19,99784,100000,43,10
sortit007mh0ma19,10000,best-organizers.pt,sort,19,0,0.07,39.594,92.313,16.999,94.68,94.885,21.843,49,93.27,40.117,42.296,92.657,39.19,99784,100000,43,10
sortit007mh0ma20,10000,best-organizers.pt,sort,20,0,0.07,39.594,92.313,16.999,94.68,94.885,21.843,49,93.27,40.117,42.296,92.657,39.19,99784,100000,43,10
sortit007mh0ma0,10000,best-organizers.pt,sort,0,0,0.07,37.738,92.798,15.361,94.955,95.161,15.885,80.632,93.374,38.191,40.156,92.905,37.307,99784,100000,115,10
sortit007mh0ma1,10000,best-organizers.pt,sort,1,0,0.07,39.625,92.542,16.981,94.815,95.02,17.831,77.046,93.339,40.125,42.269,92.774,39.214,99784,100000,88,10
sortit007mh0ma2,10000,best-organizers.pt,sort,2,0,0.07,42.067,92.569,19.134,94.823,95.029,22.174,62.513,93.323,42.595,44.825,92.785,41.591,99784,100000,61,10
sortit007mh0ma3,10000,best-organizers.pt,sort,3,0,0.07,41.84,92.56,18.931,94.817,95.022,22.466,59.176,93.319,42.367,44.582,92.778,41.362,99784,100000,56,10
sortit007mh0ma4,10000,best-organizers.pt,sort,4,0,0.07,41.691,92.565,18.795,94.818,95.023,22.601,55.996,93.316,42.215,44.422,92.779,41.214,99784,100000,51,10
sortit007mh0ma5,10000,best-organizers.pt,sort,5,0,0.07,41.194,92.567,18.349,94.819,95.024,22.865,53.413,93.316,41.711,43.899,92.779,40.729,99784,100000,48,10
sortit007mh0ma6,10000,best-organizers.pt,sort,6,0,0.07,40.98,92.375,18.197,94.715,94.92,22.678,52.81,93.286,41.515,43.758,92.689,40.559,99784,100000,47,10
sortit007mh0ma7,10000,best-organizers.pt,sort,7,0,0.07,40.942,92.356,18.166,94.705,94.91,22.7,51.552,93.281,41.477,43.72,92.68,40.52,99784,100000,45,10
sortit007mh0ma8,10000,best-organizers.pt,sort,8,0,0.07,40.942,92.356,18.166,94.705,94.91,22.7,51.552,93.281,41.477,43.72,92.68,40.52,99784,100000,45,10
sortit007mh0ma9,10000,best-organizers.pt,sort,9,0,0.07,40.942,92.356,18.166,94.705,94.91,22.7,51.552,93.281,41.477,43.72,92.68,40.52,99784,100000,45,10
sortit007mh0ma10,10000,best-organizers.pt,sort,10,0,0.07,40.019,92.359,17.357,94.706,94.911,22.059,49.717,93.281,40.544,42.733,92.681,39.606,99784,100000,44,10
sortit007mh0ma11,10000,best-organizers.pt,sort,11,0,0.07,40.019,92.359,17.357,94.706,94.911,22.059,49.717,93.281,40.544,42.733,92.681,39.606,99784,100000,44,10
sortit007mh0ma12,10000,best-organizers.pt,sort,12,0,0.07,40.019,92.359,17.357,94.706,94.911,22.059,49.717,93.281,40.544,42.733,92.681,39.606,99784,100000,44,10
sortit007mh0ma13,10000,best-organizers.pt,sort,13,0,0.07,39.858,92.35,17.219,94.701,94.906,21.837,50.442,93.28,40.381,42.567,92.677,39.449,99784,100000,44,10
sortit007mh0ma14,10000,best-organizers.pt,sort,14,0,0.07,39.594,92.313,16.999,94.68,94.885,21.843,49,93.27,40.117,42.296,92.657,39.19,99784,100000,43,10
sortit007mh0ma15,10000,best-organizers.pt,sort,15,0,0.07,39.594,92.313,16.999,94.68,94.885,21.843,49,93.27,40.117,42.296,92.657,39.19,99784,100000,43,10
sortit007mh0ma16,10000,best-organizers.pt,sort,16,0,0.07,39.594,92.313,16.999,94.68,94.885,21.843,49,93.27,40.117,42.296,92.657,39.19,99784,100000,43,10
sortit007mh0ma17,10000,best-organizers.pt,sort,17,0,0.07,39.594,92.313,16.999,94.68,94.885,21.843,49,93.27,40.117,42.296,92.657,39.19,99784,100000,43,10
sortit007mh0ma18,10000,best-organizers.pt,sort,18,0,0.07,39.594,92.313,16.999,94.68,94.885,21.843,49,93.27,40.117,42.296,92.657,39.19,99784,100000,43,10
sortit007mh0ma19,10000,best-organizers.pt,sort,19,0,0.07,39.594,92.313,16.999,94.68,94.885,21.843,49,93.27,40.117,42.296,92.657,39.19,99784,100000,43,10
sortit007mh0ma20,10000,best-organizers.pt,sort,20,0,0.07,39.594,92.313,16.999,94.68,94.885,21.843,49,93.27,40.117,42.296,92.657,39.19,99784,100000,43,10
sortma2mh0it000,10000,best-organizers.pt,sort,2,0,0.0,41.317,92.605,18.451,94.84,95.046,22.572,53.06,93.318,41.831,44.03,92.8,40.86,99784,100000,51,10
sortma2mh0it001,10000,best-organizers.pt,sort,2,0,0.01,41.538,92.644,18.642,94.861,95.067,22.626,56.064,93.327,42.052,44.237,92.82,41.06,99784,100000,54,10
sortma2mh0it002,10000,best-organizers.pt,sort,2,0,0.02,41.771,92.645,18.852,94.862,95.067,22.626,58.865,93.329,42.288,44.485,92.821,41.292,99784,100000,56,10
sortma2mh0it003,10000,best-organizers.pt,sort,2,0,0.03,41.83,92.607,18.913,94.842,95.047,22.603,59.824,93.323,42.352,44.556,92.802,41.349,99784,100000,57,10
sortma2mh0it004,10000,best-organizers.pt,sort,2,0,0.04,41.663,92.566,18.77,94.822,95.027,22.159,60.387,93.32,42.187,44.382,92.782,41.178,99784,100000,60,10
sortma2mh0it005,10000,best-organizers.pt,sort,2,0,0.05,41.663,92.566,18.77,94.822,95.027,22.159,60.387,93.32,42.187,44.382,92.782,41.178,99784,100000,60,10
sortma2mh0it006,10000,best-organizers.pt,sort,2,0,0.06,41.663,92.566,18.77,94.822,95.027,22.159,60.387,93.32,42.187,44.382,92.782,41.178,99784,100000,60,10
sortma2mh0it007,10000,best-organizers.pt,sort,2,0,0.07,42.067,92.569,19.134,94.823,95.029,22.174,62.513,93.323,42.595,44.825,92.785,41.591,99784,100000,61,10
sortma2mh0it008,10000,best-organizers.pt,sort,2,0,0.08,42.062,92.578,19.128,94.829,95.034,22.168,62.52,93.326,42.589,44.818,92.789,41.586,99784,100000,63,10
sortma2mh0it009,10000,best-organizers.pt,sort,2,0,0.09,42.06,92.579,19.126,94.829,95.034,22.167,62.514,93.325,42.587,44.817,92.789,41.585,99784,100000,63,10
sortma2mh0it010,10000,best-organizers.pt,sort,2,0,0.1,42.045,92.583,19.112,94.831,95.036,22.152,62.516,93.326,42.572,44.799,92.791,41.57,99784,100000,64,10
sortma2mh0it011,10000,best-organizers.pt,sort,2,0,0.11,42.045,92.583,19.112,94.831,95.036,22.152,62.516,93.326,42.572,44.799,92.791,41.57,99784,100000,64,10
sortma2mh0it012,10000,best-organizers.pt,sort,2,0,0.12,41.861,92.626,18.936,94.854,95.059,21.942,62.682,93.333,42.38,44.587,92.813,41.382,99784,100000,66,10
sortma2mh0it013,10000,best-organizers.pt,sort,2,0,0.13,41.865,92.63,18.939,94.856,95.061,21.935,63.051,93.334,42.384,44.589,92.815,41.386,99784,100000,68,10
sortma2mh0it014,10000,best-organizers.pt,sort,2,0,0.14,42.06,92.652,19.111,94.868,95.073,22.131,63.286,93.34,42.579,44.805,92.826,41.591,99784,100000,69,10
sortma2mh0it015,10000,best-organizers.pt,sort,2,0,0.15,42.036,92.653,19.089,94.868,95.073,22.091,63.357,93.339,42.554,44.777,92.826,41.565,99784,100000,69,10
sortma2mh0it016,10000,best-organizers.pt,sort,2,0,0.16,42.036,92.655,19.088,94.87,95.075,22.09,63.36,93.34,42.554,44.778,92.828,41.566,99784,100000,70,10
sortma2mh0it017,10000,best-organizers.pt,sort,2,0,0.17,42.037,92.659,19.089,94.872,95.077,22.09,63.368,93.342,42.555,44.778,92.83,41.568,99784,100000,72,10
sortma2mh0it018,10000,best-organizers.pt,sort,2,0,0.18,42.037,92.659,19.089,94.872,95.077,22.09,63.368,93.342,42.555,44.778,92.83,41.568,99784,100000,72,10
sortma2mh0it019,10000,best-organizers.pt,sort,2,0,0.19,41.362,92.658,18.481,94.871,95.076,21.386,61.969,93.341,41.872,44.05,92.829,40.891,99784,100000,76,10
sortma2mh0it020,10000,best-organizers.pt,sort,2,0,0.2,41.327,92.664,18.448,94.875,95.08,21.257,62.961,93.345,41.835,44.009,92.833,40.855,99784,100000,78,10
sortma2mh0it0060,150,best-organizers.pt,sort,2,0,0.06,79.001,83.961,74.344,88.035,88.094,79.16,82.382,88.071,80.823,93.362,86.192,80.47,1499,1500,11,10
sortma2mh0it0060,150,best-organizers.pt,sort,2,0,0.06,79.002,83.964,74.343,88.039,88.097,79.158,82.382,88.071,80.823,93.362,86.192,80.47,1499,1500,11,10
sortma2mh0it0060,10000,best-organizers.pt,sort,2,0,0.06,41.663,92.566,18.77,94.822,95.027,22.159,60.387,93.32,42.187,44.382,92.782,41.178,99784,100000,60,10
sortma2mh0it0061,10000,best-organizers.pt,sort,2,0,0.061,41.663,92.566,18.77,94.822,95.027,22.159,60.387,93.32,42.187,44.382,92.782,41.178,99784,100000,60,10
sortma2mh0it0062,10000,best-organizers.pt,sort,2,0,0.062,41.663,92.566,18.77,94.822,95.027,22.159,60.387,93.32,42.187,44.382,92.782,41.178,99784,100000,60,10
sortma2mh0it0063,10000,best-organizers.pt,sort,2,0,0.063,41.663,92.566,18.77,94.822,95.027,22.159,60.387,93.32,42.187,44.382,92.782,41.178,99784,100000,60,10
sortma2mh0it0064,10000,best-organizers.pt,sort,2,0,0.064,41.663,92.566,18.77,94.822,95.027,22.159,60.387,93.32,42.187,44.382,92.782,41.178,99784,100000,60,10
sortma2mh0it0065,10000,best-organizers.pt,sort,2,0,0.065,41.663,92.566,18.77,94.822,95.027,22.159,60.387,93.32,42.187,44.382,92.782,41.178,99784,100000,60,10
sortma2mh0it0066,10000,best-organizers.pt,sort,2,0,0.066,41.663,92.566,18.77,94.822,95.027,22.159,60.387,93.32,42.187,44.382,92.782,41.178,99784,100000,60,10
sortma2mh0it0067,10000,best-organizers.pt,sort,2,0,0.067,41.663,92.566,18.77,94.821,95.027,22.16,60.387,93.32,42.187,44.383,92.782,41.179,99784,100000,60,10
sortma2mh0it0068,10000,best-organizers.pt,sort,2,0,0.068,41.663,92.566,18.77,94.821,95.027,22.16,60.387,93.32,42.187,44.383,92.782,41.179,99784,100000,60,10
sortma2mh0it0069,10000,best-organizers.pt,sort,2,0,0.069,42.067,92.569,19.134,94.823,95.029,22.174,62.513,93.323,42.595,44.825,92.785,41.591,99784,100000,61,10
sortma2mh0it0070,10000,best-organizers.pt,sort,2,0,0.07,42.067,92.569,19.134,94.823,95.029,22.174,62.513,93.323,42.595,44.825,92.785,41.591,99784,100000,61,10
sortma2mh0it0071,10000,best-organizers.pt,sort,2,0,0.071,42.067,92.569,19.134,94.823,95.029,22.174,62.513,93.323,42.595,44.825,92.785,41.591,99784,100000,61,10
sortma2mh0it0072,10000,best-organizers.pt,sort,2,0,0.072,42.067,92.569,19.134,94.823,95.029,22.174,62.513,93.323,42.595,44.825,92.785,41.591,99784,100000,61,10
sortma2mh0it0073,10000,best-organizers.pt,sort,2,0,0.073,42.067,92.569,19.134,94.823,95.029,22.174,62.513,93.323,42.595,44.825,92.785,41.591,99784,100000,61,10
sortma2mh0it0074,10000,best-organizers.pt,sort,2,0,0.074,42.067,92.569,19.134,94.823,95.029,22.174,62.513,93.323,42.595,44.825,92.785,41.591,99784,100000,61,10
sortma2mh0it0075,10000,best-organizers.pt,sort,2,0,0.075,42.067,92.569,19.134,94.823,95.029,22.174,62.513,93.323,42.595,44.825,92.785,41.591,99784,100000,61,10
sortma2mh0it0076,10000,best-organizers.pt,sort,2,0,0.076,42.067,92.569,19.134,94.823,95.029,22.174,62.513,93.323,42.595,44.825,92.785,41.591,99784,100000,61,10
sortma2mh0it0077,10000,best-organizers.pt,sort,2,0,0.077,42.067,92.569,19.134,94.823,95.029,22.174,62.513,93.323,42.595,44.825,92.785,41.591,99784,100000,61,10
sortma2mh0it0078,10000,best-organizers.pt,sort,2,0,0.078,42.063,92.573,19.13,94.826,95.031,22.17,62.515,93.324,42.59,44.82,92.787,41.587,99784,100000,62,10
sortma2mh0it0079,10000,best-organizers.pt,sort,2,0,0.079,42.063,92.573,19.13,94.826,95.031,22.17,62.515,93.324,42.59,44.82,92.787,41.587,99784,100000,62,10
sortma2mh0it0080,10000,best-organizers.pt,sort,2,0,0.08,42.062,92.578,19.128,94.829,95.034,22.168,62.52,93.326,42.589,44.818,92.789,41.586,99784,100000,63,10
sortma2mh0it007best-organizers,10000,best-organizers.pt,sort,2,0,0.07,42.067,92.569,19.134,94.823,95.029,22.174,62.513,93.323,42.595,44.825,92.785,41.591,99784,100000,61,10
sortma2mh0it007yolo8s200e_dp,10000,yolov8s200e_dp.pt,sort,2,0,0.07,37.404,92.097,15.207,94.483,94.678,17.727,59.29,93.086,37.905,40.025,92.497,37.022,99794,100000,93,10
sortma2mh0it007yolo8m200e_dp,10000,yolov8m200e_dp.pt,sort,2,0,0.07,38.367,92.272,15.968,94.66,94.856,18.328,56.312,93.278,38.878,41.001,92.648,37.986,99793,100000,62,10
sortma2mh0it007yolo8l200e_dp,10000,yolov8l200e_dp.pt,sort,2,0,0.07,37.998,92.344,15.649,94.759,94.951,19.147,53.048,93.387,38.507,40.594,92.736,37.646,99798,100000,70,10
sortma2mh0it007yolo8x200e_dp,10000,yolov8x200e_dp.pt,sort,2,0,0.07,37.609,92.039,15.384,94.588,94.789,18.538,53.422,93.36,38.146,40.306,92.588,37.319,99788,100000,57,10
sortma2mh0it007yolo8s5e_dp,10000,yolov8s5e_dp.pt,sort,2,0,0.07,24.053,88.743,6.5336,92.282,91.656,6.6392,79.625,91.229,24.554,26.325,90.398,23.798,100683,100000,668,10
sortma2mh0it007yolo8m5e_dp,10000,yolov8m5e_dp.pt,sort,2,0,0.07,30.402,88.697,10.436,91.75,91.65,11.264,70.218,90.856,30.943,33.537,89.937,30.162,100109,100000,383,10
sortma2mh0it007yolo8l5e_dp,10000,yolov8l5e_dp.pt,sort,2,0,0.07,26.735,88.772,8.0638,91.771,91.529,8.3519,73.963,90.776,27.203,29.478,89.886,26.497,100264,100000,404,10
sortma2mh0it007yolo8x5e_dp,10000,yolov8x5e_dp.pt,sort,2,0,0.07,29.168,89.351,9.5386,92.342,92.207,9.8056,76.449,91.295,29.678,31.892,90.484,28.857,100147,100000,449,10
sortma2mh0it007,10000,best-organizers.pt,sort,2,0,0.07,42.067,92.569,19.134,94.823,95.029,22.174,62.513,93.323,42.595,44.825,92.785,41.591,99784,100000,61,10
